ID;order_ID;item;quantity;price;createdAt;createdBy;modifiedAt;modifiedBy
a8c0c39b-1208-4edb-b725-84f5516c2648;d8c0c39b-1208-4edb-b725-84f5516c2648;Cucumbers;1;3.99;2021-01-01;admin;2021-01-01;admin
b8c0c39b-1208-4edb-b725-84f5516c2648;d8c0c39b-1208-4edb-b725-84f5516c2648;Cucumbers;1;3.99;2021-01-01;admin;2021-01-01;admin
c8c0c39b-1208-4edb-b725-84f5516c2648;d8c0c39b-1208-4edb-b725-84f5516c2648;Cucumbers;1;3.99;2021-01-01;admin;2021-01-01;admin
e8c0c39b-1208-4edb-b725-84f5516c2648;d8c0c39b-1208-4edb-b725-84f5516c2648;Cucumbers;1;3.99;2021-01-01;admin;2021-01-01;admin
35571e2f-b644-4949-badd-0b6fb27eb8f2;65571e2f-b644-4949-badd-0b6fb27eb8f2;Cucumbers;1;3.99;2021-01-01;admin;2021-01-01;admin
25571e2f-b644-4949-badd-0b6fb27eb8f2;65571e2f-b644-4949-badd-0b6fb27eb8f2;Cucumbers;1;3.99;2021-01-01;admin;2021-01-01;admin
85571e2f-b644-4949-badd-0b6fb27eb8f2;65571e2f-b644-4949-badd-0b6fb27eb8f2;Cucumbers;1;3.99;2021-01-01;admin;2021-01-01;admin
43fba18a-8bce-497a-aa4a-7e9b8ccf9b58;53fba18a-8bce-497a-aa4a-7e9b8ccf9b58;Cucumbers;1;3.99;2021-01-01;admin;2021-01-01;admin
33fba18a-8bce-497a-aa4a-7e9b8ccf9b58;53fba18a-8bce-497a-aa4a-7e9b8ccf9b58;Cucumbers;1;3.99;2021-01-01;admin;2021-01-01;admin
23fba18a-8bce-497a-aa4a-7e9b8ccf9b58;53fba18a-8bce-497a-aa4a-7e9b8ccf9b58;Cucumbers;1;3.99;2021-01-01;admin;2021-01-01;admin
13fba18a-8bce-497a-aa4a-7e9b8ccf9b58;53fba18a-8bce-497a-aa4a-7e9b8ccf9b58;Cucumbers;1;3.99;2021-01-01;admin;2021-01-01;admin
a3fba18a-8bce-497a-aa4a-7e9b8ccf9b58;53fba18a-8bce-497a-aa4a-7e9b8ccf9b58;Cucumbers;1;3.99;2021-01-01;admin;2021-01-01;admin
585a13bb-a707-4454-9514-3678ef03a332;485a13bb-a707-4454-9514-3678ef03a332;Cucumbers;1;3.99;2021-01-01;admin;2021-01-01;admin
685a13bb-a707-4454-9514-3678ef03a332;485a13bb-a707-4454-9514-3678ef03a332;Cucumbers;1;3.99;2021-01-01;admin;2021-01-01;admin
785a13bb-a707-4454-9514-3678ef03a332;485a13bb-a707-4454-9514-3678ef03a332;Cucumbers;1;3.99;2021-01-01;admin;2021-01-01;admin
885a13bb-a707-4454-9514-3678ef03a332;485a13bb-a707-4454-9514-3678ef03a332;Cucumbers;1;3.99;2021-01-01;admin;2021-01-01;admin
985a13bb-a707-4454-9514-3678ef03a332;485a13bb-a707-4454-9514-3678ef03a332;Cucumbers;1;3.99;2021-01-01;admin;2021-01-01;admin
e7feb8e3-c4dc-4e09-a83c-970e6c52da4c;c7feb8e3-c4dc-4e09-a83c-970e6c52da4c;Cucumbers;1;3.99;2021-01-01;admin;2021-01-01;admin
b7feb8e3-c4dc-4e09-a83c-970e6c52da4c;c7feb8e3-c4dc-4e09-a83c-970e6c52da4c;Cucumbers;1;3.99;2021-01-01;admin;2021-01-01;admin
a7feb8e3-c4dc-4e09-a83c-970e6c52da4c;c7feb8e3-c4dc-4e09-a83c-970e6c52da4c;Cucumbers;1;3.99;2021-01-01;admin;2021-01-01;admin
d7feb8e3-c4dc-4e09-a83c-970e6c52da4c;c7feb8e3-c4dc-4e09-a83c-970e6c52da4c;Cucumbers;1;3.99;2021-01-01;admin;2021-01-01;admin
8ca16581-5a23-4dec-af86-cb9578a7d557;7ca16581-5a23-4dec-af86-cb9578a7d557;Cucumbers;1;3.99;2021-01-01;admin;2021-01-01;admin
6ca16581-5a23-4dec-af86-cb9578a7d557;7ca16581-5a23-4dec-af86-cb9578a7d557;Cucumbers;1;3.99;2021-01-01;admin;2021-01-01;admin
5ca16581-5a23-4dec-af86-cb9578a7d557;7ca16581-5a23-4dec-af86-cb9578a7d557;Cucumbers;1;3.99;2021-01-01;admin;2021-01-01;admin
4ca16581-5a23-4dec-af86-cb9578a7d557;7ca16581-5a23-4dec-af86-cb9578a7d557;Cucumbers;1;3.99;2021-01-01;admin;2021-01-01;admin
3ca16581-5a23-4dec-af86-cb9578a7d557;7ca16581-5a23-4dec-af86-cb9578a7d557;Cucumbers;1;3.99;2021-01-01;admin;2021-01-01;admin
a4aab01f-28b8-4aca-9217-abb9225a7363;34aab01f-28b8-4aca-9217-abb9225a7363;Cucumbers;1;3.99;2021-01-01;admin;2021-01-01;admin
b4aab01f-28b8-4aca-9217-abb9225a7363;34aab01f-28b8-4aca-9217-abb9225a7363;Cucumbers;1;3.99;2021-01-01;admin;2021-01-01;admin
cf42fa7a-2e0c-4040-8295-c7476c77ef86;6f42fa7a-2e0c-4040-8295-c7476c77ef86;Cucumbers;1;3.99;2021-01-01;admin;2021-01-01;admin
df42fa7a-2e0c-4040-8295-c7476c77ef86;6f42fa7a-2e0c-4040-8295-c7476c77ef86;Cucumbers;1;3.99;2021-01-01;admin;2021-01-01;admin
ef42fa7a-2e0c-4040-8295-c7476c77ef86;6f42fa7a-2e0c-4040-8295-c7476c77ef86;Cucumbers;1;3.99;2021-01-01;admin;2021-01-01;admin